{"feature_cols": ["op_setting_1", "op_setting_2", "op_setting_3", "sensor_1", "sensor_2", "sensor_3", "sensor_4", "sensor_5", "sensor_6", "sensor_7", "sensor_8", "sensor_9", "sensor_10", "sensor_11", "sensor_12", "sensor_13", "sensor_14", "sensor_15", "sensor_16", "sensor_17", "sensor_18", "sensor_19", "sensor_20", "sensor_21"], "feature_means": {"op_setting_1": -1.145139813581891e-05, "op_setting_2": 2.7539038857281227e-06, "op_setting_3": 100.0, "sensor_1": 518.67, "sensor_2": 642.6893983779204, "sensor_3": 1590.6206887785982, "sensor_4": 1409.1059205907275, "sensor_5": 14.620000000000003, "sensor_6": 21.60981055562281, "sensor_7": 553.345684541823, "sensor_8": 2388.099757293306, "sensor_9": 9063.893258080136, "sensor_10": 1.3000000000000003, "sensor_11": 47.54751664447403, "sensor_12": 521.3952929427429, "sensor_13": 2388.099231327926, "sensor_14": 8142.479474639874, "sensor_15": 8.442735189444377, "sensor_16": 0.030000000000000013, "sensor_17": 393.2257595932696, "sensor_18": 2388.0, "sensor_19": 100.0, "sensor_20": 38.813153976516155, "sensor_21": 23.288335903643627}, "feature_stds_safe": {"op_setting_1": 0.0021813588833615592, "op_setting_2": 0.00029356480995479666, "op_setting_3": 1.0, "sensor_1": 6.309810448213986e-11, "sensor_2": 0.5019291046479062, "sensor_3": 6.1276268101062605, "sensor_4": 9.02265549264536, "sensor_5": 3.0820723895414597e-12, "sensor_6": 0.0013633294159461507, "sensor_7": 0.8909245191765885, "sensor_8": 0.07177226202480089, "sensor_9": 20.501257542715088, "sensor_10": 4.010246927602216e-13, "sensor_11": 0.26845348281678233, "sensor_12": 0.7422554907957493, "sensor_13": 0.07268233111046535, "sensor_14": 17.753462580807334, "sensor_15": 0.037612668844779824, "sensor_16": 1.2653455967058834e-14, "sensor_17": 1.5469160871271161, "sensor_18": 1.0, "sensor_19": 1.0, "sensor_20": 0.18128577658945155, "sensor_21": 0.10852524721953032}, "seq_len": 30}